id;nome;idade;email;telefone;endereco
1;João;25;joao@email.com;123456789;Rua A, 123
2;Maria;30;maria@email.com;987654321;Rua B, 456
3;Carlos;40;carlos@email.com;654321987;Rua C, 789
4;Ana;35;ana@email.com;456123789;Rua D, 321
5;Pedro;28;pedro@email.com;789456123;Rua E, 654
6;Juliana;22;juliana@email.com;321789456;Rua F, 987
7;Felipe;29;felipe@email.com;654789123;Rua G, 159
8;Laura;33;laura@email.com;123987456;Rua H, 357
9;Gabriel;27;gabriel@email.com;789321654;Rua I, 753
10;Luana;31;luana@email.com;456789321;Rua J, 951
11;Paulo;26;paulo@email.com;321654789;Rua K, 357
12;Amanda;24;amanda@email.com;987321654;Rua L, 753
13;Diego;32;diego@email.com;654987321;Rua M, 159
14;Raquel;36;raquel@email.com;321456987;Rua N, 951
15;Lucas;23;lucas@email.com;789654321;Rua O, 357
16;Sara;28;sara@email.com;456321789;Rua P, 753
17;Leandro;34;leandro@email.com;123789654;Rua Q, 159
18;Jéssica;29;jessica@email.com;987456321;Rua R, 951
19;Fernando;27;fernando@email.com;654123789;Rua S, 357
20;Carolina;25;carolina@email.com;321789456;Rua T, 753
21;Roberto;39;roberto@email.com;789456123;Rua U, 159
22;Bruna;26;bruna@email.com;123654789;Rua V, 951
23;Ricardo;33;ricardo@email.com;456987321;Rua W, 357
24;Isabela;31;isabela@email.com;789321654;Rua X, 753
25;Henrique;30;henrique@email.com;654789321;Rua Y, 159
26;Patrícia;28;patricia@email.com;321654987;Rua Z, 951
27;Marcos;29;marcos@email.com;987321654;Rua AA, 357
28;Larissa;25;larissa@email.com;654987321;Rua AB, 753
29;Daniel;35;daniel@email.com;321456987;Rua AC, 159
30;Júlia;27;julia@email.com;789654321;Rua AD, 951
31;Vitor;24;vitor@email.com;456321789;Rua AE, 357
32;Carla;32;carla@email.com;123789654;Rua AF, 753
33;Gustavo;28;gustavo@email.com;987456321;Rua AG, 159
34;Mariana;26;mariana@email.com;654123789;Rua AH, 951
35;Roberta;23;roberta@email.com;321789456;Rua AI, 357
36;Rodrigo;29;rodrigo@email.com;789456123;Rua AJ, 753
37;Luciana;30;luciana@email.com;123654789;Rua AK, 159
38;Eduardo;33;eduardo@email.com;456987321;Rua AL, 951
39;Daniela;25;daniela@email.com;789321654;Rua AM, 357
40;Felícia;31;felicia@email.com;654789321;Rua AN, 753
41;Diego;28;diego2@email.com;321654987;Rua AO, 159
42;Renata;29;renata@email.com;987321654;Rua AP, 951
43;José;34;jose@email.com;654987321;Rua AQ, 357
44;Aline;26;aline@email.com;321456987;Rua AR, 753
45;Helena;27;helena@email.com;789654321;Rua AS,
